{"lr": 0.00997794446709763, "data_time": 0.024474501609802246, "loss": 0.11611651107668877, "decode.loss_ce": 0.08191328910179436, "decode.acc_seg": 98.7212142944336, "aux.loss_ce": 0.0342032233485952, "aux.acc_seg": 98.7212142944336, "time": 0.15241701602935792, "step": 100}
{"lr": 0.009955660594668054, "data_time": 0.027793288230895996, "loss": 0.04745606789365411, "decode.loss_ce": 0.03332773139700294, "decode.acc_seg": 99.96829986572266, "aux.loss_ce": 0.014128336659632623, "aux.acc_seg": 99.96829986572266, "time": 0.15631918907165526, "step": 200}
{"lr": 0.009933371122565919, "data_time": 0.012744784355163574, "loss": 0.04826672710478306, "decode.loss_ce": 0.03293906836770475, "decode.acc_seg": 99.18931579589844, "aux.loss_ce": 0.01532765852753073, "aux.acc_seg": 99.83856964111328, "time": 0.1419994831085205, "step": 300}
{"lr": 0.009911076035273796, "data_time": 0.006105470657348633, "loss": 0.033732873294502495, "decode.loss_ce": 0.02240034444257617, "decode.acc_seg": 95.78895568847656, "aux.loss_ce": 0.011332528968341648, "aux.acc_seg": 93.3918228149414, "time": 0.13529577255249023, "step": 400}
{"aAcc": 98.82, "mIoU": 68.93, "mAcc": 69.85, "step": 400}
{"lr": 0.0098887753171919, "data_time": 0.006475925445556641, "loss": 0.03482565879821777, "decode.loss_ce": 0.023123753210529684, "decode.acc_seg": 99.96300506591797, "aux.loss_ce": 0.01170190570410341, "aux.acc_seg": 100.0, "time": 0.13590152263641359, "step": 500}
{"lr": 0.009866468952637547, "data_time": 0.005175185203552246, "loss": 0.020945674553513528, "decode.loss_ce": 0.013517694338224829, "decode.acc_seg": 100.0, "aux.loss_ce": 0.007427980122156441, "aux.acc_seg": 100.0, "time": 0.13478176593780516, "step": 600}
{"lr": 0.009844156925844432, "data_time": 0.005153870582580567, "loss": 0.02297388631850481, "decode.loss_ce": 0.01498716464266181, "decode.acc_seg": 98.46817016601562, "aux.loss_ce": 0.007986721815541387, "aux.acc_seg": 96.64454650878906, "time": 0.13463640213012695, "step": 700}
{"lr": 0.009821839220962003, "data_time": 0.009737157821655273, "loss": 0.022026042453944683, "decode.loss_ce": 0.01514162733219564, "decode.acc_seg": 99.9739990234375, "aux.loss_ce": 0.006884414819069207, "aux.acc_seg": 99.9739990234375, "time": 0.13933653831481935, "step": 800}
{"aAcc": 99.27, "mIoU": 82.69, "mAcc": 87.59, "step": 800}
{"lr": 0.009799515822054777, "data_time": 0.005003666877746582, "loss": 0.018408906133845448, "decode.loss_ce": 0.01160202733008191, "decode.acc_seg": 98.58904266357422, "aux.loss_ce": 0.006806878582574427, "aux.acc_seg": 99.04554748535156, "time": 0.1346374750137329, "step": 900}
{"lr": 0.00977718671310168, "data_time": 0.0050934553146362305, "loss": 0.019384874822571875, "decode.loss_ce": 0.013399965921416878, "decode.acc_seg": 97.97087097167969, "aux.loss_ce": 0.005984908575192094, "aux.acc_seg": 98.09947967529297, "time": 0.13433923721313476, "step": 1000}
{"lr": 0.009754851877995354, "data_time": 0.008986139297485351, "loss": 0.014675759663805365, "decode.loss_ce": 0.00950749134644866, "decode.acc_seg": 99.74552917480469, "aux.loss_ce": 0.005168268119450659, "aux.acc_seg": 99.4287338256836, "time": 0.138316011428833, "step": 1100}
{"lr": 0.009732511300541468, "data_time": 0.0049958467483520504, "loss": 0.03431948344223201, "decode.loss_ce": 0.02468807010445744, "decode.acc_seg": 97.63507080078125, "aux.loss_ce": 0.009631413361057639, "aux.acc_seg": 97.95260620117188, "time": 0.13397438526153566, "step": 1200}
{"aAcc": 98.23, "mIoU": 74.15, "mAcc": 95.8, "step": 1200}
{"lr": 0.009710164964458045, "data_time": 0.00506131649017334, "loss": 0.018958856957033275, "decode.loss_ce": 0.011283573345281184, "decode.acc_seg": 99.24422454833984, "aux.loss_ce": 0.0076752832683268934, "aux.acc_seg": 99.24422454833984, "time": 0.13411285877227783, "step": 1300}
{"lr": 0.009687812853374727, "data_time": 0.01806766986846924, "loss": 0.02060871373396367, "decode.loss_ce": 0.01384677606401965, "decode.acc_seg": 99.05033111572266, "aux.loss_ce": 0.006761937745613978, "aux.acc_seg": 98.79169464111328, "time": 0.14702422618865968, "step": 1400}
{"lr": 0.009665454950832103, "data_time": 0.0064459085464477536, "loss": 0.02931324071250856, "decode.loss_ce": 0.01908447523601353, "decode.acc_seg": 99.60820007324219, "aux.loss_ce": 0.01022876522038132, "aux.acc_seg": 99.45625305175781, "time": 0.13569490909576415, "step": 1500}
{"lr": 0.009643091240280942, "data_time": 0.00530240535736084, "loss": 0.015426711429608986, "decode.loss_ce": 0.010679586717742495, "decode.acc_seg": 99.9385757446289, "aux.loss_ce": 0.004747124513960444, "aux.acc_seg": 100.0, "time": 0.13467724323272706, "step": 1600}
{"aAcc": 99.5, "mIoU": 87.66, "mAcc": 90.82, "step": 1600}
{"lr": 0.009620721705081534, "data_time": 0.0045643806457519535, "loss": 0.016873276385013014, "decode.loss_ce": 0.010515236580977217, "decode.acc_seg": 99.55269622802734, "aux.loss_ce": 0.006358039885526523, "aux.acc_seg": 99.51763916015625, "time": 0.13327126502990722, "step": 1700}
{"lr": 0.009598346328502901, "data_time": 0.005045247077941894, "loss": 0.014986917760688811, "decode.loss_ce": 0.010215438005980104, "decode.acc_seg": 99.65567779541016, "aux.loss_ce": 0.004771479754708707, "aux.acc_seg": 99.65415954589844, "time": 0.13463149070739747, "step": 1800}
{"lr": 0.009575965093722064, "data_time": 0.01005864143371582, "loss": 0.014044750458560884, "decode.loss_ce": 0.009323833219241351, "decode.acc_seg": 98.76405334472656, "aux.loss_ce": 0.0047209170530550185, "aux.acc_seg": 97.95262908935547, "time": 0.13868176937103271, "step": 1900}
{"lr": 0.009553577983823325, "data_time": 0.01288747787475586, "loss": 0.010308080853428691, "decode.loss_ce": 0.006631659489357844, "decode.acc_seg": 99.96702575683594, "aux.loss_ce": 0.0036764214222785086, "aux.acc_seg": 99.96702575683594, "time": 0.14170265197753906, "step": 2000}
{"aAcc": 99.49, "mIoU": 87.51, "mAcc": 91.04, "step": 2000}
{"lr": 0.0095311849817975, "data_time": 0.005515575408935547, "loss": 0.0234621808398515, "decode.loss_ce": 0.01581073645502329, "decode.acc_seg": 100.0, "aux.loss_ce": 0.007651444128714502, "aux.acc_seg": 100.0, "time": 0.13502376079559325, "step": 2100}
{"lr": 0.009508786070541123, "data_time": 0.006055283546447754, "loss": 0.016337005759123713, "decode.loss_ce": 0.010835404798854142, "decode.acc_seg": 98.63185119628906, "aux.loss_ce": 0.005501600643037818, "aux.acc_seg": 98.0626220703125, "time": 0.13545563220977783, "step": 2200}
{"lr": 0.009486381232855704, "data_time": 0.007484245300292969, "loss": 0.01596166230738163, "decode.loss_ce": 0.010975344548933208, "decode.acc_seg": 99.47984313964844, "aux.loss_ce": 0.004986317816656083, "aux.acc_seg": 99.43655395507812, "time": 0.13692185878753663, "step": 2300}
{"lr": 0.009463970451446941, "data_time": 0.01036534309387207, "loss": 0.015086199401412159, "decode.loss_ce": 0.009852067311294377, "decode.acc_seg": 99.47432708740234, "aux.loss_ce": 0.005234131845645607, "aux.acc_seg": 99.19979858398438, "time": 0.13993425369262696, "step": 2400}
{"aAcc": 99.55, "mIoU": 88.71, "mAcc": 91.92, "step": 2400}
